{"cameraMode":{"drawMode":0,"name":"Shaded","section":"Shading Mode"},"sceneLighting":false,"audioPlay":false,"sceneViewState":{"showFog":true,"showMaterialUpdate":false,"showSkybox":true,"showFlares":true,"showImageEffects":true,"showParticleSystems":true},"in2DMode":false,"pivot":{"x":6.646317481994629,"y":-3.7100000381469728,"z":14.580912590026856},"rotation":{"x":0.2116868495941162,"y":0.009084472432732582,"z":-0.0019681507255882026,"w":0.9772951602935791},"size":9.868206024169922,"orthographic":false}