{"cameraMode":{"drawMode":0,"name":"Shaded","section":"Shading Mode"},"sceneLighting":false,"audioPlay":false,"sceneViewState":{"showFog":true,"showMaterialUpdate":false,"showSkybox":true,"showFlares":true,"showImageEffects":true,"showParticleSystems":true},"in2DMode":false,"pivot":{"x":138.8444061279297,"y":51.90679168701172,"z":-23.575794219970704},"rotation":{"x":0.013675481081008911,"y":-0.9802842140197754,"z":0.18325521051883698,"w":0.0730842649936676},"size":242.1474609375,"orthographic":false}