{"cameraMode":{"drawMode":0,"name":"Shaded","section":"Shading Mode"},"sceneLighting":false,"audioPlay":false,"sceneViewState":{"showFog":true,"showMaterialUpdate":false,"showSkybox":true,"showFlares":true,"showImageEffects":true,"showParticleSystems":true},"in2DMode":false,"pivot":{"x":1.4867792129516602,"y":-1.5517890453338624,"z":3.589718818664551},"rotation":{"x":-0.22759640216827393,"y":-0.19219553470611573,"z":0.0458725243806839,"w":-0.9535037279129028},"size":8.765297889709473,"orthographic":false}