{"cameraMode":{"drawMode":0,"name":"Shaded","section":"Shading Mode"},"sceneLighting":false,"audioPlay":false,"sceneViewState":{"showFog":true,"showMaterialUpdate":false,"showSkybox":true,"showFlares":true,"showImageEffects":true,"showParticleSystems":true},"in2DMode":false,"pivot":{"x":-37.242210388183597,"y":7.051982879638672,"z":-24.266305923461915},"rotation":{"x":0.024919044226408006,"y":0.9050361514091492,"z":0.05354132503271103,"w":-0.42121782898902895},"size":44.3651237487793,"orthographic":false}