{"cameraMode":{"drawMode":0,"name":"Shaded","section":"Shading Mode"},"sceneLighting":false,"audioPlay":false,"sceneViewState":{"showFog":true,"showMaterialUpdate":false,"showSkybox":true,"showFlares":true,"showImageEffects":true,"showParticleSystems":true},"in2DMode":false,"pivot":{"x":3.645203113555908,"y":1.7050437927246094,"z":8.393918991088868},"rotation":{"x":0.017520327121019365,"y":-0.9803301692008972,"z":0.16808722913265229,"w":0.102115698158741},"size":5.799997329711914,"orthographic":false}