{"cameraMode":{"drawMode":0,"name":"Shaded","section":"Shading Mode"},"sceneLighting":false,"audioPlay":false,"sceneViewState":{"showFog":true,"showMaterialUpdate":false,"showSkybox":true,"showFlares":true,"showImageEffects":true,"showParticleSystems":true},"in2DMode":false,"pivot":{"x":-8.132225036621094,"y":2.1679158210754396,"z":-3.441953659057617},"rotation":{"x":0.383791446685791,"y":0.061450451612472537,"z":-0.025614067912101747,"w":0.9210549592971802},"size":11.173501014709473,"orthographic":false}