{"cameraMode":{"drawMode":0,"name":"Shaded","section":"Shading Mode"},"sceneLighting":false,"audioPlay":false,"sceneViewState":{"showFog":true,"showMaterialUpdate":false,"showSkybox":true,"showFlares":true,"showImageEffects":true,"showParticleSystems":true},"in2DMode":false,"pivot":{"x":68.18473052978516,"y":37.53873825073242,"z":-7.3359246253967289},"rotation":{"x":-0.028799789026379586,"y":0.02008814737200737,"z":-0.0005791332223452628,"w":-0.9993844628334045},"size":34.0428466796875,"orthographic":false}