{"cameraMode":{"drawMode":0,"name":"Shaded","section":"Shading Mode"},"sceneLighting":false,"audioPlay":false,"sceneViewState":{"showFog":true,"showMaterialUpdate":false,"showSkybox":true,"showFlares":true,"showImageEffects":true,"showParticleSystems":true},"in2DMode":false,"pivot":{"x":-7557.37939453125,"y":-8871.763671875,"z":-8168.2041015625},"rotation":{"x":-0.02227705344557762,"y":0.9716671705245972,"z":-0.21199432015419007,"w":-0.10210607945919037},"size":23336.55078125,"orthographic":false}