{"cameraMode":{"drawMode":0,"name":"Shaded","section":"Shading Mode"},"sceneLighting":false,"audioPlay":false,"sceneViewState":{"showFog":true,"showMaterialUpdate":false,"showSkybox":true,"showFlares":true,"showImageEffects":true,"showParticleSystems":true},"in2DMode":false,"pivot":{"x":0.741446316242218,"y":2.0168423652648927,"z":-2.6930670738220217},"rotation":{"x":-0.2350771576166153,"y":-0.009624558500945568,"z":0.002327677793800831,"w":-0.9719274044036865},"size":0.9540421366691589,"orthographic":false}