{"cameraMode":{"drawMode":0,"name":"Shaded","section":"Shading Mode"},"sceneLighting":false,"audioPlay":false,"sceneViewState":{"showFog":true,"showMaterialUpdate":false,"showSkybox":true,"showFlares":true,"showImageEffects":true,"showParticleSystems":true},"in2DMode":false,"pivot":{"x":284.3021240234375,"y":103.02918243408203,"z":61.24161911010742},"rotation":{"x":0.002690039575099945,"y":0.0185967069119215,"z":0.000049865142500493675,"w":-0.9998247027397156},"size":487.0235900878906,"orthographic":false}